Customer_ID Auto,First_name,Last_name,Email,Registration_date
,Joanne,Hughes,joannehughes@gmail.com,2016-02-21
,Aiden,Jackson,aidenjackson@hotmail.com,2002-03-22
,Ethan,Miles,ethanmiles874@yahoo.com,1985-03-19
,Abigail,Cross,abicross111@starfleet.org,1985-02-23
,Mia,Dance,miadance@google.com,2017-01-20
,Hannah,Dylan,hannahdylan12@gmail.com,2003-10-11
,Ella,Fray,ellafray118@gmail.com,2017-04-23
,Benjamin,Logan,benlogan1320@gmail.com,1989-05-12
,William,Matthews,williammatthews111@yahoo.com,1987-03-13